amount,channel,hour,is_new_device,device_trust_score,days_since_last_tx,tx_velocity_1h,merchant_risk_score,customer_age,has_chargeback_history,country_risk_score
134.23,PIX,15,0,0.239,3.73,3,0.047,36,1,0.078
56.39,PIX,15,1,0.161,0.42,1,0.191,21,1,0.263
172.16,CARD,15,0,0.212,8.54,3,0.556,36,0,0.459
98.72,CARD,2,0,0.658,10.54,2,0.53,41,0,0.639
95.59,PIX,13,1,0.101,6.32,0,0.666,31,1,0.19
47.15,CARD,6,1,0.656,4.41,0,0.103,44,1,0.201
53.13,CARD,1,1,0.323,2.62,3,0.536,20,0,0.321
67.52,PIX,17,0,0.29,1.41,1,0.492,43,1,0.405
248.03,PIX,21,0,0.41,1.79,1,0.614,49,0,0.595
63.1,PIX,7,1,0.082,1.13,1,0.496,29,0,0.216
113.6,CARD,20,0,0.478,1.65,2,0.898,44,1,0.115
356.72,CARD,17,0,0.478,4.54,1,0.078,31,0,0.134
35.87,CARD,17,1,0.43,7.52,2,0.442,47,1,0.39
440.53,CARD,12,0,0.724,4.6,3,0.464,52,1,0.464
145.0,CARD,9,0,0.811,1.6,0,0.211,38,1,0.351
65.39,PIX,7,0,0.153,0.5,1,0.549,30,0,0.607
215.07,PIX,17,1,0.35,0.02,3,0.296,22,1,0.286
105.21,PIX,8,1,0.2,0.83,1,0.361,40,1,0.191
165.04,CARD,18,1,0.086,0.21,1,0.251,39,0,0.417
83.51,PIX,3,0,0.638,0.55,2,0.218,38,1,0.349
48.49,PIX,12,1,0.407,2.5,3,0.789,40,1,0.797
84.99,CARD,14,1,0.289,0.17,1,0.739,31,0,0.385
45.28,PIX,8,0,0.385,8.86,1,0.273,38,0,0.538
200.82,PIX,1,0,0.509,1.43,2,0.996,33,1,0.669
93.41,CARD,12,0,0.717,4.8,3,0.441,41,0,0.118
44.07,PIX,18,1,0.18,0.55,3,0.281,41,0,0.5
17.91,PIX,0,1,0.356,3.82,1,0.7,31,1,0.085
206.7,CARD,23,1,0.208,5.88,2,0.757,63,0,0.361
155.26,PIX,10,0,0.175,1.1,0,0.731,20,1,0.511
92.01,CARD,19,1,0.409,4.22,0,0.55,28,1,0.677
62.56,CARD,6,1,0.353,1.52,1,0.708,43,0,0.425
163.82,CARD,8,0,0.576,8.21,1,0.433,34,0,0.734
201.42,PIX,9,1,0.188,0.79,1,0.363,51,0,0.587
187.57,PIX,6,0,0.464,2.01,2,0.61,44,0,0.704
18.91,CARD,23,0,0.205,1.81,0,0.566,48,1,0.365
167.98,PIX,17,1,0.215,1.22,1,0.88,48,0,0.604
152.87,CARD,10,0,0.375,4.83,0,0.474,39,1,0.039
36.29,PIX,23,0,0.491,0.37,1,0.673,32,1,0.66
46.96,CARD,20,0,0.799,7.27,2,0.14,51,0,0.565
100.75,PIX,2,0,0.032,1.63,0,0.499,56,1,0.196
145.89,PIX,6,1,0.389,1.3,1,0.236,45,0,0.723
161.93,CARD,12,0,0.291,0.03,1,0.393,35,1,0.334
787.64,CARD,10,0,0.55,0.33,0,0.044,35,1,0.066
181.9,CARD,3,1,0.153,9.65,2,0.316,34,0,0.36
102.16,CARD,23,1,0.574,6.34,1,0.63,49,1,0.176
176.21,PIX,21,1,0.625,0.8,1,0.368,30,1,0.217
23.44,PIX,7,0,0.501,4.37,1,0.083,36,1,0.406
143.68,CARD,10,1,0.426,5.81,0,0.944,27,0,0.396
56.67,CARD,4,1,0.607,0.16,1,0.364,26,1,0.098
61.31,PIX,9,1,0.43,0.46,0,0.55,46,0,0.817
23.11,CARD,17,0,0.232,0.4,2,0.292,37,0,0.448
187.84,PIX,7,1,0.692,1.15,0,0.561,35,0,0.629
137.81,PIX,2,0,0.369,1.21,1,0.476,29,1,0.116
306.39,CARD,10,1,0.691,5.78,0,0.665,43,1,0.581
374.65,PIX,10,0,0.294,3.38,2,0.565,27,1,0.05
104.23,CARD,14,0,0.345,5.98,1,0.294,41,0,0.704
28.01,CARD,3,1,0.374,6.01,2,0.436,44,0,0.694
185.07,PIX,4,0,0.503,3.87,2,0.661,33,0,0.506
14.25,PIX,22,0,0.381,2.05,0,0.815,47,1,0.421
164.48,CARD,20,1,0.349,3.67,0,0.342,32,1,0.607
267.22,PIX,14,0,0.333,1.32,1,0.682,38,0,0.305
273.98,CARD,5,1,0.544,0.49,0,0.802,34,1,0.327
48.6,PIX,5,0,0.592,0.84,0,0.745,43,0,0.379
46.92,PIX,13,0,0.438,1.5,1,0.528,33,1,0.466
382.67,PIX,16,1,0.166,2.67,0,0.175,38,1,0.411
29.57,PIX,21,0,0.645,3.0,2,0.415,26,1,0.221
195.58,PIX,3,0,0.18,2.05,1,0.655,41,0,0.429
60.65,PIX,8,0,0.139,3.34,2,0.27,24,0,0.591
156.77,CARD,12,1,0.119,0.82,0,0.218,34,0,0.474
35.89,PIX,22,0,0.744,2.13,0,0.114,34,0,0.224
398.26,PIX,13,0,0.169,2.65,2,0.888,26,0,0.456
45.67,PIX,7,1,0.173,3.89,0,0.205,53,1,0.373
139.98,CARD,0,1,0.343,2.77,2,0.377,45,0,0.647
27.48,PIX,16,1,0.444,0.79,3,0.176,31,0,0.585
332.68,CARD,22,1,0.71,6.2,0,0.176,38,0,0.644
86.02,CARD,23,1,0.315,1.73,1,0.451,49,0,0.106
337.34,PIX,11,0,0.654,5.49,1,0.491,45,1,0.256
139.58,PIX,6,0,0.504,0.73,2,0.293,41,0,0.372
172.84,PIX,18,1,0.423,3.87,1,0.326,43,1,0.136
130.76,CARD,15,1,0.784,1.38,2,0.288,38,0,0.292
82.91,CARD,10,1,0.111,3.22,1,0.674,27,0,0.791
184.03,PIX,20,0,0.295,2.04,0,0.287,41,0,0.861
163.39,PIX,6,0,0.813,8.47,3,0.523,44,0,0.179
47.2,PIX,1,0,0.19,1.27,1,0.456,23,1,0.359
153.14,PIX,2,1,0.287,4.75,2,0.281,24,1,0.541
225.1,PIX,5,0,0.472,9.42,0,0.26,51,0,0.535
130.08,PIX,14,1,0.398,0.76,1,0.773,41,0,0.615
83.89,PIX,6,1,0.367,6.84,0,0.674,38,1,0.286
69.78,CARD,3,1,0.172,2.58,1,0.246,39,0,0.746
43.02,CARD,17,0,0.659,0.45,0,0.389,42,1,0.463
311.08,PIX,11,0,0.65,1.95,3,0.465,45,0,0.122
100.43,PIX,12,1,0.292,2.61,2,0.353,32,0,0.495
157.77,CARD,8,1,0.594,6.01,0,0.743,35,0,0.308
113.46,CARD,8,0,0.494,0.85,2,0.463,50,0,0.876
18.88,PIX,13,0,0.244,0.45,1,0.639,52,0,0.183
78.56,PIX,9,0,0.661,2.22,2,0.93,29,1,0.157
46.21,PIX,4,1,0.564,10.9,1,0.829,33,0,0.305
36.51,CARD,19,0,0.172,0.78,3,0.511,41,0,0.204
192.16,PIX,18,0,0.289,0.64,2,0.418,36,1,0.323
74.5,CARD,5,0,0.377,4.17,1,0.374,27,0,0.517
66.05,CARD,21,1,0.354,2.82,1,0.689,39,1,0.295
288.86,PIX,23,0,0.525,1.02,1,0.446,43,1,0.113
161.19,CARD,13,1,0.511,2.05,2,0.484,22,1,0.681
27.89,PIX,9,0,0.479,2.2,0,0.376,45,1,0.265
121.6,CARD,3,1,0.519,0.51,2,0.504,28,1,0.706
528.93,PIX,14,0,0.676,8.09,0,0.152,18,1,0.518
44.02,CARD,3,1,0.369,2.25,1,0.475,34,0,0.706
101.29,PIX,4,0,0.731,0.52,1,0.205,36,0,0.263
9.34,CARD,18,1,0.605,6.69,0,0.9,28,0,0.246
94.39,CARD,21,0,0.482,0.37,1,0.386,21,1,0.672
2720.69,CARD,20,1,0.593,0.77,1,0.402,23,1,0.547
69.07,PIX,23,0,0.418,2.28,1,0.865,47,0,0.689
97.46,PIX,20,0,0.71,2.39,3,0.761,39,0,0.749
158.4,CARD,19,0,0.186,1.23,6,0.281,34,1,0.822
188.71,PIX,7,1,0.413,8.62,2,0.773,39,1,0.599
137.16,PIX,12,0,0.114,3.22,2,0.838,18,1,0.533
328.2,CARD,4,0,0.628,1.6,1,0.223,35,0,0.128
316.95,PIX,14,1,0.473,3.35,1,0.398,34,1,0.433
44.5,CARD,7,1,0.098,0.91,1,0.265,48,0,0.396
66.04,CARD,19,1,0.118,0.3,0,0.201,45,1,0.619
91.75,CARD,23,1,0.551,1.37,2,0.643,33,1,0.604
103.27,PIX,8,0,0.369,0.09,1,0.277,34,1,0.534
80.58,CARD,2,1,0.532,0.61,2,0.233,37,0,0.218
162.15,CARD,16,0,0.223,0.31,1,0.167,26,1,0.238
73.22,PIX,18,0,0.383,4.73,1,0.635,36,0,0.502
36.06,CARD,3,0,0.486,13.66,0,0.572,29,1,0.273
35.8,CARD,2,0,0.495,8.38,1,0.36,44,0,0.477
56.62,PIX,10,0,0.503,0.06,1,0.539,39,1,0.281
281.46,PIX,23,1,0.277,7.4,0,0.364,33,0,0.174
48.66,CARD,6,1,0.543,1.13,0,0.192,42,0,0.275
287.91,CARD,5,1,0.323,0.0,1,0.838,33,0,0.265
194.14,PIX,17,1,0.448,1.95,5,0.825,41,0,0.575
58.84,CARD,2,1,0.854,0.47,5,0.874,40,1,0.527
235.98,PIX,15,0,0.157,0.92,3,0.274,18,0,0.222
225.24,PIX,21,0,0.461,8.27,2,0.416,34,0,0.124
71.04,CARD,15,1,0.628,12.07,0,0.523,18,1,0.802
30.0,CARD,5,0,0.359,3.63,3,0.888,31,1,0.831
262.31,CARD,16,0,0.101,0.18,1,0.635,27,1,0.76
67.67,PIX,22,1,0.087,0.96,2,0.25,35,1,0.145
115.91,PIX,16,1,0.918,5.08,2,0.263,47,1,0.476
37.93,PIX,23,1,0.248,2.87,1,0.052,39,0,0.051
45.15,CARD,10,0,0.479,0.29,0,0.24,39,1,0.501
77.19,PIX,14,1,0.542,0.38,0,0.44,52,1,0.434
12.49,PIX,22,1,0.055,1.94,1,0.589,24,0,0.654
350.61,PIX,2,1,0.135,0.7,5,0.531,39,0,0.33
61.9,PIX,1,0,0.797,5.29,0,0.376,28,0,0.559
273.41,CARD,16,0,0.132,0.46,0,0.786,18,0,0.275
122.32,PIX,1,0,0.148,1.45,2,0.454,40,0,0.281
189.11,CARD,15,0,0.708,0.28,1,0.272,45,0,0.872
533.02,CARD,21,0,0.46,1.33,3,0.374,48,1,0.718
236.94,CARD,11,0,0.162,4.58,0,0.354,41,1,0.573
413.35,PIX,10,0,0.766,0.42,2,0.471,48,0,0.728
37.21,CARD,15,1,0.252,1.37,3,0.456,18,1,0.526
130.9,PIX,13,0,0.69,0.17,0,0.931,29,1,0.75
17.9,CARD,3,0,0.67,3.62,3,0.518,39,0,0.445
63.61,PIX,3,0,0.503,3.8,0,0.208,51,1,0.017
208.72,CARD,19,1,0.382,3.16,2,0.176,26,1,0.376
63.04,PIX,17,1,0.693,0.78,3,0.291,28,1,0.519
23.59,CARD,13,0,0.777,2.43,1,0.912,27,1,0.738
389.91,PIX,11,0,0.597,0.86,3,0.648,43,1,0.394
149.68,CARD,8,1,0.511,4.34,2,0.291,37,0,0.297
41.75,CARD,14,0,0.141,0.46,4,0.495,21,0,0.512
148.5,CARD,23,0,0.418,0.53,2,0.8,27,1,0.137
314.84,CARD,14,1,0.188,6.09,1,0.706,50,0,0.484
46.16,CARD,22,1,0.298,0.25,2,0.715,29,0,0.292
111.04,CARD,7,1,0.586,4.89,1,0.483,21,1,0.246
407.47,PIX,6,0,0.229,1.96,1,0.296,49,1,0.067
674.89,CARD,2,1,0.727,1.77,2,0.687,24,1,0.28
77.94,CARD,13,1,0.565,0.52,1,0.784,45,1,0.32
155.96,PIX,2,0,0.103,4.33,1,0.202,25,0,0.171
168.84,CARD,0,0,0.141,0.52,4,0.179,32,1,0.376
50.37,CARD,12,0,0.521,0.12,1,0.587,43,0,0.542
34.55,CARD,21,0,0.443,0.65,1,0.658,31,1,0.225
172.22,PIX,23,1,0.764,0.62,0,0.166,31,0,0.211
34.08,PIX,23,0,0.387,0.45,1,0.471,35,0,0.127
28.58,PIX,16,1,0.752,1.18,0,0.46,50,0,0.147
61.87,CARD,5,1,0.385,8.13,1,0.181,39,1,0.187
136.78,PIX,0,0,0.206,7.99,0,0.61,35,1,0.547
205.82,PIX,23,0,0.183,8.24,3,0.479,56,0,0.006
21.78,PIX,19,0,0.266,1.86,2,0.893,33,1,0.216
34.65,CARD,21,1,0.265,2.46,2,0.407,33,1,0.215
334.47,PIX,7,1,0.697,3.36,0,0.79,34,0,0.209
41.33,CARD,22,0,0.596,16.82,3,0.314,39,1,0.587
231.12,CARD,12,1,0.229,6.38,2,0.96,37,1,0.125
475.86,CARD,6,0,0.227,5.36,2,0.634,21,0,0.212
163.24,CARD,9,1,0.096,7.89,0,0.452,44,1,0.17
16.89,CARD,1,0,0.402,1.61,0,0.151,29,0,0.213
102.31,CARD,21,0,0.281,3.54,1,0.222,35,0,0.037
56.56,PIX,2,0,0.218,2.38,3,0.521,41,0,0.815
46.13,PIX,0,1,0.528,8.54,4,0.295,42,0,0.163
69.1,CARD,18,0,0.475,14.41,1,0.575,37,0,0.193
404.47,CARD,3,0,0.229,1.18,3,0.574,37,0,0.516
195.76,CARD,13,1,0.737,0.17,2,0.575,18,0,0.201
127.09,PIX,5,1,0.633,8.19,1,0.482,43,1,0.656
407.35,PIX,20,0,0.474,5.41,1,0.198,25,1,0.197
327.12,CARD,19,0,0.613,0.04,1,0.331,40,1,0.173
103.88,PIX,6,0,0.684,2.97,2,0.734,37,0,0.254
242.15,PIX,13,0,0.45,9.92,1,0.363,48,1,0.097
136.74,PIX,10,0,0.254,2.09,2,0.374,22,0,0.254
559.44,PIX,14,0,0.524,0.41,2,0.801,45,0,0.434
180.14,PIX,5,1,0.263,1.03,1,0.134,36,0,0.076
269.28,CARD,16,1,0.289,1.95,1,0.843,37,0,0.441
22.26,CARD,1,0,0.185,7.47,0,0.857,40,0,0.108
40.81,PIX,5,0,0.05,6.73,0,0.686,30,0,0.404
108.89,CARD,8,1,0.336,0.27,2,0.555,33,0,0.558
57.97,PIX,16,1,0.273,0.89,1,0.284,40,0,0.316
89.69,PIX,15,1,0.257,0.25,1,0.432,18,1,0.412
200.52,PIX,19,0,0.671,0.96,0,0.786,54,1,0.803
266.89,CARD,8,0,0.215,2.4,3,0.155,45,0,0.198
69.46,PIX,5,1,0.078,2.37,3,0.773,26,0,0.497
38.62,PIX,4,0,0.316,0.19,1,0.419,32,0,0.133
174.21,CARD,3,0,0.082,7.89,3,0.941,33,1,0.703
218.8,CARD,18,0,0.212,1.23,4,0.218,41,0,0.333
165.73,PIX,19,0,0.652,2.75,2,0.387,38,1,0.455
444.51,CARD,10,0,0.474,4.01,3,0.359,51,0,0.637
588.39,CARD,16,0,0.244,4.35,2,0.474,31,0,0.296
182.46,CARD,8,0,0.082,2.39,1,0.395,43,0,0.221
239.78,PIX,10,0,0.73,3.69,0,0.27,33,1,0.449
161.01,CARD,18,1,0.677,0.48,1,0.321,50,1,0.187
41.28,CARD,19,1,0.508,8.19,1,0.08,47,0,0.119
47.88,CARD,11,1,0.478,5.51,1,0.11,38,1,0.908
189.16,CARD,0,1,0.247,0.85,0,0.652,48,0,0.838
107.03,PIX,11,1,0.258,2.61,0,0.058,43,0,0.055
150.86,CARD,15,1,0.297,0.53,1,0.505,41,0,0.693
40.33,CARD,17,1,0.325,0.47,2,0.607,55,1,0.389
55.19,PIX,13,0,0.884,1.01,0,0.125,33,1,0.014
42.02,PIX,16,0,0.569,10.74,2,0.399,23,1,0.119
49.87,PIX,13,0,0.242,11.66,0,0.658,49,1,0.084
442.6,PIX,12,0,0.438,3.69,1,0.837,46,1,0.39
199.42,PIX,4,1,0.536,8.97,0,0.348,27,0,0.071
51.59,PIX,8,0,0.316,0.93,0,0.266,36,1,0.42
87.92,PIX,16,0,0.405,2.21,2,0.646,43,0,0.405
201.03,PIX,2,1,0.267,2.56,1,0.6,41,1,0.203
314.8,CARD,0,0,0.26,9.41,0,0.855,35,1,0.155
32.07,CARD,13,0,0.312,6.12,1,0.452,46,1,0.593
107.97,PIX,3,0,0.539,1.43,1,0.734,29,1,0.247
63.79,CARD,21,0,0.197,3.88,0,0.691,33,1,0.133
61.58,CARD,14,1,0.284,1.24,0,0.112,47,0,0.05
114.04,PIX,21,1,0.125,0.79,0,0.512,31,1,0.261
159.74,CARD,18,1,0.645,1.31,0,0.518,31,0,0.747
66.93,CARD,14,1,0.174,1.95,1,0.423,42,1,0.484
70.72,CARD,16,1,0.224,1.01,6,0.23,26,0,0.824
297.2,PIX,5,1,0.15,1.9,1,0.508,47,0,0.299
81.6,PIX,5,0,0.217,0.82,2,0.745,49,0,0.788
151.54,PIX,16,0,0.554,3.27,0,0.801,48,1,0.523
51.18,CARD,18,0,0.413,0.54,1,0.726,21,0,0.271
150.58,CARD,15,0,0.211,0.22,3,0.365,47,1,0.174
166.76,PIX,23,1,0.26,1.35,3,0.387,18,0,0.55
271.9,CARD,10,1,0.056,0.54,0,0.445,37,1,0.323
45.08,PIX,5,1,0.421,2.51,1,0.423,43,1,0.229
109.31,PIX,23,1,0.468,1.66,1,0.45,48,1,0.465
121.18,PIX,12,1,0.346,2.23,1,0.497,50,0,0.584
58.19,CARD,18,1,0.614,13.28,4,0.8,48,1,0.504
70.98,CARD,12,1,0.266,1.72,3,0.086,51,0,0.31
151.25,PIX,20,1,0.125,1.66,0,0.623,29,0,0.307
39.76,PIX,5,1,0.576,9.67,3,0.619,41,1,0.476
40.28,CARD,19,0,0.388,0.09,1,0.808,30,0,0.021
100.23,PIX,0,0,0.19,3.52,0,0.424,43,1,0.296
41.57,PIX,22,0,0.222,0.89,1,0.341,34,0,0.548
75.62,PIX,7,0,0.319,0.94,1,0.383,47,0,0.321
229.18,CARD,5,0,0.537,0.6,1,0.053,38,0,0.604
69.41,CARD,7,0,0.134,12.82,2,0.878,25,0,0.385
275.26,CARD,1,1,0.194,1.57,1,0.706,41,1,0.279
125.53,CARD,1,0,0.439,3.14,1,0.216,18,0,0.279
34.56,CARD,19,0,0.28,8.69,3,0.429,37,0,0.711
10.11,PIX,12,1,0.272,0.05,2,0.372,36,0,0.696
60.72,CARD,19,0,0.566,3.5,0,0.561,38,0,0.141
96.05,PIX,13,0,0.411,4.16,3,0.228,58,0,0.112
240.71,CARD,18,1,0.625,7.15,1,0.452,43,0,0.303
220.09,PIX,0,0,0.124,3.59,1,0.723,59,1,0.331
103.11,PIX,12,1,0.774,3.52,1,0.566,41,0,0.354
70.07,CARD,14,0,0.109,4.88,2,0.043,44,0,0.217
152.64,PIX,5,0,0.588,20.7,1,0.65,23,1,0.082
98.66,CARD,18,0,0.478,1.92,2,0.933,37,1,0.289
115.24,PIX,0,0,0.531,1.15,0,0.24,23,1,0.418
83.81,PIX,14,0,0.258,7.78,0,0.634,22,1,0.251
113.71,PIX,10,1,0.36,1.05,3,0.785,38,1,0.173
232.64,PIX,0,0,0.443,0.4,1,0.719,41,0,0.779
60.76,PIX,8,1,0.601,1.61,1,0.746,30,1,0.381
132.71,CARD,21,1,0.31,1.32,2,0.207,44,0,0.671
221.55,PIX,14,1,0.353,0.39,2,0.503,43,0,0.609
112.03,CARD,18,1,0.106,0.75,0,0.572,22,1,0.292
401.84,PIX,10,0,0.267,4.8,4,0.832,35,1,0.293
59.24,PIX,5,1,0.376,1.05,0,0.498,48,1,0.553
72.3,PIX,2,0,0.195,1.74,1,0.908,48,1,0.283
41.12,PIX,8,1,0.593,0.35,0,0.519,32,1,0.603
24.59,PIX,16,0,0.212,2.93,2,0.2,48,1,0.324
333.2,CARD,19,1,0.706,2.07,0,0.681,37,1,0.503
249.9,CARD,7,1,0.526,2.45,2,0.117,51,0,0.819
39.33,PIX,19,0,0.434,1.19,2,0.166,33,0,0.322
54.13,CARD,3,0,0.649,6.19,2,0.741,34,0,0.067
124.77,CARD,15,0,0.486,0.42,1,0.271,46,0,0.63
35.15,CARD,15,0,0.717,0.82,1,0.429,18,1,0.126
279.24,PIX,10,1,0.345,31.0,0,0.41,36,0,0.152
97.4,PIX,14,0,0.573,0.28,4,0.381,44,1,0.822
176.36,PIX,2,0,0.28,0.98,1,0.911,41,1,0.456
134.78,PIX,10,0,0.286,0.73,1,0.172,30,1,0.591
30.51,PIX,2,0,0.374,0.01,4,0.555,44,1,0.476
179.74,PIX,14,0,0.592,0.88,0,0.132,53,1,0.296
256.0,PIX,10,0,0.527,3.49,2,0.309,33,0,0.539
154.08,PIX,5,1,0.518,8.81,0,0.493,56,1,0.321
274.36,PIX,18,0,0.301,0.06,1,0.682,19,0,0.277
23.9,CARD,12,1,0.246,2.56,1,0.236,39,0,0.283
243.2,PIX,7,0,0.312,4.81,0,0.468,28,0,0.156
88.12,CARD,10,1,0.326,7.02,0,0.371,48,1,0.153
58.18,PIX,21,0,0.584,0.72,1,0.706,49,0,0.273
86.21,CARD,2,0,0.462,0.05,0,0.875,27,1,0.05
150.75,PIX,5,1,0.596,7.92,0,0.615,44,1,0.466
185.01,CARD,8,0,0.424,0.18,0,0.161,32,1,0.316
242.41,PIX,21,0,0.296,10.41,0,0.202,39,0,0.412
111.72,CARD,21,0,0.509,5.14,2,0.51,50,1,0.393
40.96,PIX,4,1,0.526,2.38,2,0.457,24,1,0.274
44.03,PIX,5,1,0.605,7.57,1,0.708,50,1,0.352
69.43,CARD,0,0,0.469,0.62,3,0.453,31,0,0.473
138.13,PIX,8,0,0.887,1.0,1,0.676,30,0,0.326
73.59,CARD,2,0,0.167,4.9,1,0.694,39,1,0.248
31.93,PIX,18,1,0.568,6.8,3,0.309,43,1,0.578
355.46,PIX,8,1,0.392,2.53,0,0.914,34,0,0.321
47.51,PIX,6,1,0.042,8.31,3,0.09,57,0,0.68
260.86,PIX,16,0,0.757,0.9,1,0.792,37,0,0.217
102.82,CARD,19,1,0.213,0.36,1,0.173,18,0,0.272
146.44,CARD,4,0,0.439,3.34,0,0.254,43,0,0.564
104.59,PIX,6,1,0.11,1.28,3,0.218,40,0,0.162
61.88,PIX,19,0,0.188,1.95,1,0.232,44,1,0.327
45.65,PIX,17,1,0.397,1.25,2,0.091,28,1,0.159
1041.33,PIX,16,1,0.094,0.6,2,0.36,47,0,0.432
653.96,PIX,9,1,0.13,6.55,0,0.248,45,1,0.309
122.49,CARD,20,0,0.555,0.02,1,0.823,28,0,0.625
137.22,PIX,5,1,0.723,0.38,1,0.181,39,1,0.694
194.44,CARD,1,1,0.393,2.4,1,0.625,40,1,0.195
44.6,CARD,23,0,0.374,0.32,1,0.351,48,0,0.645
199.37,PIX,13,0,0.432,2.32,1,0.128,35,0,0.572
81.86,PIX,7,0,0.252,4.48,3,0.877,35,0,0.725
227.37,PIX,1,0,0.561,6.55,3,0.697,35,1,0.414
80.11,CARD,19,0,0.591,0.16,2,0.257,33,1,0.671
125.89,CARD,14,1,0.697,5.75,2,0.261,21,0,0.44
83.85,CARD,1,0,0.099,6.23,2,0.093,50,0,0.532
108.14,PIX,0,0,0.401,0.07,2,0.232,45,0,0.094
79.31,PIX,2,0,0.683,0.4,2,0.238,26,1,0.341
868.94,CARD,10,0,0.329,9.53,2,0.478,45,0,0.159
216.35,PIX,20,1,0.447,7.11,0,0.656,31,1,0.026
438.65,PIX,22,0,0.544,0.32,2,0.261,50,0,0.334
341.53,PIX,21,1,0.105,2.19,1,0.917,43,0,0.84
455.72,CARD,3,0,0.394,2.95,1,0.261,54,1,0.347
23.99,CARD,3,0,0.585,1.29,4,0.173,33,1,0.449
65.96,CARD,20,0,0.514,3.68,2,0.554,50,1,0.337
111.24,PIX,16,1,0.246,1.05,3,0.242,31,1,0.419
488.8,CARD,23,1,0.032,1.46,1,0.299,53,0,0.398
110.3,PIX,16,0,0.166,8.16,1,0.691,54,0,0.669
438.93,PIX,3,0,0.24,4.61,0,0.399,30,1,0.184
81.69,CARD,12,1,0.079,1.98,1,0.544,41,1,0.08
1110.34,CARD,3,1,0.614,0.11,1,0.09,58,1,0.226
495.25,CARD,23,0,0.313,0.25,2,0.735,41,1,0.522
166.13,PIX,21,1,0.343,2.14,2,0.563,46,1,0.588
133.52,CARD,14,0,0.148,0.5,0,0.621,29,1,0.304
92.98,PIX,7,1,0.225,0.69,2,0.292,45,1,0.501
1064.35,PIX,1,0,0.721,0.03,3,0.423,18,1,0.281
34.76,CARD,8,0,0.307,2.09,1,0.453,29,0,0.632
1098.48,CARD,9,1,0.092,5.15,0,0.331,34,0,0.155
32.91,CARD,2,1,0.518,3.47,3,0.594,36,0,0.131
217.73,PIX,15,1,0.562,0.85,3,0.712,26,1,0.2
199.55,PIX,8,0,0.39,0.04,0,0.107,42,1,0.106
122.96,PIX,15,1,0.266,9.02,0,0.379,43,0,0.214
257.15,CARD,1,1,0.307,3.85,1,0.488,42,0,0.116
111.87,PIX,20,1,0.611,1.53,1,0.252,45,1,0.164
106.89,CARD,5,0,0.464,11.69,1,0.656,38,0,0.347
45.7,CARD,14,0,0.197,0.57,2,0.471,30,0,0.749
116.71,PIX,19,1,0.458,0.45,0,0.281,34,1,0.043
115.89,CARD,4,1,0.45,1.5,1,0.798,36,0,0.533
225.82,PIX,9,1,0.374,1.9,2,0.876,28,1,0.334
144.93,CARD,6,0,0.65,4.83,1,0.198,24,0,0.388
56.15,PIX,6,1,0.272,3.28,1,0.907,40,0,0.254
160.2,PIX,0,0,0.352,7.15,2,0.489,25,1,0.097
442.04,CARD,8,0,0.347,2.58,2,0.699,38,0,0.343
112.33,PIX,7,1,0.182,2.69,3,0.565,24,1,0.679
233.19,CARD,8,0,0.268,3.51,4,0.614,19,1,0.818
277.08,CARD,8,1,0.46,5.37,0,0.186,34,1,0.083
91.98,CARD,1,0,0.494,4.64,1,0.382,43,0,0.514
147.61,CARD,11,0,0.33,0.52,1,0.794,34,0,0.562
294.39,PIX,15,1,0.128,0.01,1,0.85,48,1,0.071
282.49,PIX,8,1,0.252,2.62,2,0.495,45,0,0.756
341.36,PIX,9,1,0.179,0.94,2,0.682,36,0,0.021
32.06,PIX,16,0,0.107,0.41,0,0.655,45,0,0.545
406.65,PIX,1,0,0.245,6.59,3,0.558,41,0,0.711
438.15,PIX,1,0,0.401,2.72,3,0.525,59,1,0.077
260.07,CARD,23,0,0.185,3.54,1,0.566,26,1,0.721
176.71,CARD,11,1,0.171,3.1,1,0.214,46,1,0.593
175.43,CARD,0,0,0.755,8.1,3,0.487,40,0,0.285
86.01,CARD,16,1,0.493,7.55,6,0.446,28,1,0.156
391.91,PIX,18,1,0.495,3.25,0,0.722,35,1,0.391
33.8,PIX,9,0,0.406,1.14,3,0.75,42,0,0.332
258.86,PIX,14,1,0.905,5.36,1,0.811,31,0,0.792
39.04,PIX,10,1,0.18,0.85,2,0.291,43,0,0.532
307.71,CARD,0,0,0.371,4.11,1,0.971,33,1,0.104
58.47,PIX,1,0,0.576,0.92,2,0.617,48,1,0.499
570.76,CARD,10,0,0.539,2.62,4,0.733,24,1,0.481
91.38,PIX,18,1,0.412,13.13,0,0.328,41,1,0.087
124.14,PIX,12,1,0.131,1.57,0,0.505,28,1,0.364
179.72,CARD,9,0,0.654,3.79,2,0.644,48,1,0.811
60.72,PIX,7,0,0.891,0.78,1,0.511,28,1,0.925
139.24,PIX,6,0,0.598,1.49,0,0.679,39,0,0.707
212.53,CARD,2,0,0.255,0.53,1,0.747,28,1,0.672
472.07,CARD,0,1,0.579,0.67,3,0.627,31,0,0.743
111.21,PIX,7,0,0.508,2.86,2,0.627,31,1,0.398
247.49,PIX,22,0,0.389,0.29,0,0.853,38,1,0.735
56.16,PIX,3,0,0.9,4.94,3,0.678,46,1,0.194
91.83,CARD,0,1,0.597,3.5,1,0.523,42,1,0.205
41.73,PIX,7,1,0.769,8.66,2,0.9,40,0,0.346
740.91,CARD,16,1,0.134,0.57,3,0.16,30,0,0.679
410.85,CARD,11,1,0.225,0.06,1,0.385,18,1,0.103
263.43,PIX,5,1,0.195,6.29,0,0.458,33,0,0.258
86.2,PIX,17,0,0.522,1.95,0,0.689,26,0,0.09
61.94,CARD,5,1,0.096,0.33,2,0.794,39,1,0.586
302.33,CARD,0,1,0.368,12.85,1,0.371,33,0,0.126
40.36,PIX,17,0,0.464,1.28,1,0.838,35,1,0.604
110.23,CARD,3,1,0.505,6.49,0,0.368,48,1,0.198
233.13,PIX,5,0,0.266,1.02,3,0.502,32,0,0.239
367.38,PIX,10,1,0.509,0.67,3,0.299,43,1,0.515
62.64,PIX,23,0,0.718,1.15,1,0.369,18,1,0.9
879.16,PIX,11,0,0.458,3.48,1,0.758,32,0,0.235
46.67,CARD,4,0,0.321,6.35,1,0.492,49,0,0.75
56.08,PIX,22,1,0.572,2.97,2,0.074,43,0,0.756
111.02,PIX,13,0,0.412,2.31,1,0.76,43,1,0.331
58.49,CARD,21,0,0.455,2.59,2,0.656,36,0,0.749
205.3,CARD,17,0,0.675,2.41,1,0.291,43,1,0.52
88.88,PIX,16,0,0.621,0.86,1,0.852,40,0,0.3
99.79,CARD,8,0,0.234,7.98,1,0.403,48,1,0.732
160.82,CARD,17,0,0.424,1.52,0,0.187,33,1,0.207
197.45,PIX,13,0,0.732,12.29,0,0.131,31,1,0.111
272.93,PIX,16,1,0.192,0.62,1,0.303,25,1,0.534
36.59,CARD,22,1,0.592,3.43,0,0.282,39,0,0.21
194.96,PIX,4,0,0.283,1.01,3,0.499,44,1,0.258
168.98,CARD,1,1,0.181,16.74,1,0.61,47,1,0.16
183.97,PIX,5,0,0.318,1.74,1,0.571,45,1,0.348
111.19,PIX,20,1,0.115,1.13,0,0.714,18,1,0.289
55.17,PIX,2,1,0.151,2.43,0,0.356,33,0,0.385
72.31,CARD,8,1,0.224,1.01,3,0.303,41,1,0.748
112.13,CARD,8,1,0.587,1.94,2,0.346,51,0,0.475
325.86,PIX,5,0,0.181,2.73,1,0.809,62,0,0.673
173.75,PIX,20,0,0.426,1.05,0,0.893,39,1,0.485
344.83,PIX,4,0,0.825,0.84,1,0.483,34,1,0.463
72.26,PIX,10,0,0.724,1.83,2,0.711,26,1,0.526
86.67,PIX,4,0,0.443,2.48,1,0.404,38,0,0.449
327.83,PIX,18,0,0.267,2.52,4,0.398,18,1,0.859
410.48,CARD,1,0,0.234,0.89,2,0.674,29,0,0.807
36.45,PIX,4,1,0.524,0.13,4,0.272,27,0,0.146
62.4,PIX,1,1,0.336,5.99,1,0.564,37,0,0.282
44.45,PIX,16,1,0.682,4.23,1,0.787,35,1,0.333
309.26,PIX,14,1,0.562,0.4,3,0.275,27,0,0.371
40.22,PIX,14,0,0.209,0.18,1,0.583,49,0,0.08
365.75,PIX,10,0,0.421,4.27,1,0.664,34,0,0.525
64.87,CARD,5,0,0.623,5.4,3,0.208,27,1,0.626
46.01,PIX,13,0,0.343,0.41,1,0.902,35,1,0.152
98.58,CARD,23,0,0.065,4.37,2,0.421,34,0,0.299
359.64,CARD,18,1,0.2,0.14,0,0.48,48,0,0.218
111.52,CARD,9,0,0.015,11.91,1,0.804,48,0,0.494
67.02,PIX,23,1,0.729,0.44,1,0.416,33,0,0.417
110.02,PIX,0,1,0.426,6.5,0,0.846,21,0,0.674
41.7,CARD,21,1,0.365,2.42,1,0.359,47,1,0.42
260.77,CARD,10,0,0.751,4.06,1,0.318,35,1,0.787
130.49,PIX,21,0,0.561,3.13,1,0.479,50,0,0.629
167.82,CARD,12,1,0.658,6.3,3,0.102,35,0,0.346
36.0,PIX,16,0,0.485,1.07,1,0.693,39,0,0.17
182.5,PIX,2,1,0.167,6.01,1,0.475,19,0,0.41
52.28,CARD,10,1,0.531,1.62,0,0.86,33,0,0.503
61.85,PIX,12,0,0.545,0.41,2,0.284,39,1,0.432
206.52,CARD,20,1,0.385,2.78,1,0.703,43,0,0.538
43.25,CARD,2,0,0.582,0.31,2,0.177,47,1,0.576
73.25,PIX,5,0,0.261,3.57,1,0.718,45,1,0.332
35.63,PIX,19,1,0.164,1.84,3,0.76,44,0,0.386
142.99,PIX,7,0,0.039,2.68,1,0.342,27,0,0.751
183.04,CARD,22,1,0.56,0.25,1,0.329,57,0,0.252
99.2,CARD,4,1,0.574,8.02,2,0.816,50,1,0.49
132.89,CARD,2,1,0.538,1.44,1,0.872,47,0,0.038
564.16,PIX,4,1,0.139,3.14,0,0.731,45,0,0.736
27.63,CARD,3,0,0.84,2.5,4,0.649,34,1,0.917
79.11,PIX,8,1,0.197,3.9,3,0.177,43,1,0.814
51.93,PIX,13,0,0.377,3.2,7,0.608,32,0,0.827
40.87,CARD,0,1,0.318,7.98,1,0.278,22,0,0.406
97.95,PIX,17,0,0.184,2.14,1,0.352,35,0,0.194
28.07,PIX,18,0,0.331,0.57,0,0.295,39,0,0.157
88.51,CARD,13,0,0.514,8.08,1,0.586,39,0,0.535
264.53,PIX,6,0,0.382,0.5,2,0.65,46,1,0.008
100.08,PIX,5,0,0.35,4.75,2,0.518,32,1,0.309
662.53,PIX,17,1,0.321,5.48,2,0.258,45,0,0.844
92.73,CARD,20,1,0.677,3.46,1,0.504,41,0,0.19
20.72,CARD,20,0,0.753,1.54,2,0.317,45,1,0.129
385.77,PIX,20,0,0.058,2.92,0,0.23,45,1,0.611
358.61,CARD,2,0,0.705,9.19,2,0.392,28,0,0.359
51.09,CARD,13,1,0.097,2.79,1,0.761,46,1,0.295
309.61,PIX,1,0,0.306,3.53,0,0.764,19,0,0.227
138.59,PIX,9,1,0.057,1.39,2,0.088,47,1,0.557
75.07,CARD,8,0,0.771,1.96,1,0.326,36,1,0.36
46.33,CARD,4,0,0.789,0.05,2,0.225,40,1,0.549
30.19,PIX,20,1,0.477,3.15,3,0.63,23,1,0.309
73.35,PIX,15,0,0.202,0.15,0,0.854,38,0,0.311
626.31,CARD,23,1,0.539,5.79,0,0.859,18,1,0.337
35.01,CARD,10,0,0.4,0.47,4,0.593,45,0,0.8
96.81,CARD,16,0,0.106,7.97,3,0.697,30,1,0.033
132.99,CARD,6,0,0.506,3.8,1,0.208,24,0,0.239
29.69,CARD,13,0,0.212,0.73,0,0.41,43,0,0.319
342.86,PIX,18,1,0.352,9.82,4,0.544,25,0,0.791
179.05,PIX,1,0,0.38,14.8,1,0.283,21,1,0.428
113.15,PIX,7,1,0.417,1.35,3,0.467,27,1,0.149
76.06,PIX,13,1,0.565,1.33,3,0.914,36,1,0.08
70.09,CARD,11,0,0.755,6.83,1,0.629,33,0,0.692
18.37,PIX,16,1,0.737,0.6,1,0.753,33,1,0.41
102.6,CARD,22,0,0.287,6.38,1,0.672,44,1,0.264
494.2,CARD,8,1,0.435,5.24,1,0.27,45,0,0.873
80.79,PIX,5,1,0.731,0.2,0,0.522,34,0,0.161
154.41,CARD,7,0,0.609,1.44,0,0.633,41,1,0.362
214.47,PIX,21,0,0.6,1.99,1,0.539,41,0,0.534
234.78,CARD,3,0,0.078,0.45,0,0.644,43,0,0.342
156.48,PIX,10,0,0.533,2.43,2,0.873,24,1,0.331
107.1,CARD,2,0,0.251,0.44,2,0.145,56,0,0.3
115.54,PIX,12,1,0.206,0.85,1,0.142,40,0,0.052
235.67,PIX,22,0,0.35,2.0,2,0.366,33,0,0.345
35.34,CARD,6,1,0.28,10.05,2,0.739,53,1,0.491
72.41,PIX,15,0,0.633,2.17,0,0.713,42,0,0.176
85.53,PIX,8,1,0.52,1.96,0,0.372,42,0,0.447
85.14,PIX,15,0,0.53,4.36,3,0.344,26,0,0.556
517.11,CARD,12,0,0.45,2.44,1,0.467,35,0,0.018
59.45,CARD,2,1,0.256,0.23,2,0.426,52,1,0.298
183.34,PIX,20,1,0.288,5.21,1,0.631,38,1,0.428
98.18,CARD,15,1,0.204,1.24,3,0.388,37,0,0.387
26.09,CARD,22,0,0.123,10.8,1,0.242,46,1,0.062
621.64,CARD,12,1,0.776,5.59,2,0.671,30,1,0.281
534.77,CARD,22,1,0.568,4.7,3,0.419,52,0,0.206
16.74,CARD,1,0,0.367,0.68,1,0.158,61,1,0.412
69.35,PIX,6,1,0.083,1.26,1,0.183,50,1,0.104
360.81,CARD,10,0,0.031,9.24,0,0.261,49,1,0.76
75.09,PIX,15,0,0.582,4.11,2,0.196,35,0,0.234
499.82,CARD,14,1,0.467,0.44,1,0.181,38,0,0.4
105.06,CARD,15,1,0.611,1.3,0,0.228,36,1,0.145
23.59,CARD,6,1,0.237,1.09,5,0.283,39,0,0.615
244.13,CARD,7,1,0.759,2.3,1,0.566,23,1,0.375
43.38,CARD,4,0,0.495,0.15,2,0.417,30,0,0.387
25.4,PIX,22,1,0.732,0.2,1,0.799,28,1,0.298
57.24,CARD,23,1,0.231,2.43,2,0.847,31,1,0.414
69.1,CARD,23,1,0.377,0.56,1,0.174,44,0,0.477
450.21,PIX,21,0,0.803,3.24,3,0.706,34,1,0.572
22.7,CARD,8,1,0.168,1.07,2,0.37,31,0,0.047
252.21,CARD,20,0,0.17,0.09,2,0.251,21,0,0.79
90.38,CARD,4,0,0.341,2.91,3,0.7,34,0,0.494
65.04,PIX,23,0,0.157,9.13,0,0.204,32,0,0.274
274.31,PIX,10,1,0.37,6.0,0,0.577,59,1,0.168
148.65,PIX,20,0,0.405,4.6,1,0.639,52,1,0.284
168.16,PIX,2,0,0.426,3.95,0,0.817,44,1,0.603
112.93,PIX,14,1,0.086,8.08,4,0.414,35,0,0.179
262.83,CARD,11,0,0.177,0.63,1,0.581,38,1,0.319
174.99,CARD,12,0,0.455,2.13,3,0.538,40,1,0.118
61.86,CARD,23,1,0.201,0.58,0,0.154,43,1,0.615
1132.45,CARD,0,0,0.579,1.43,3,0.443,44,0,0.37
332.3,PIX,3,0,0.631,2.81,0,0.917,49,0,0.553
73.9,CARD,18,0,0.396,2.2,0,0.188,46,1,0.722
61.87,CARD,3,0,0.071,2.45,1,0.244,34,1,0.434
177.4,CARD,7,1,0.319,1.66,1,0.743,45,1,0.534
86.89,PIX,4,0,0.405,0.41,3,0.208,51,0,0.048
98.41,CARD,17,0,0.098,2.1,2,0.149,44,0,0.167
91.52,PIX,20,1,0.055,1.13,1,0.462,18,0,0.063
713.5,CARD,9,1,0.184,3.72,1,0.737,44,1,0.663
90.99,PIX,8,1,0.302,2.02,0,0.434,52,0,0.397
41.62,CARD,16,0,0.478,7.53,2,0.52,64,0,0.346
134.32,CARD,11,0,0.371,3.22,3,0.31,18,1,0.482
111.47,PIX,4,0,0.739,3.67,1,0.728,48,1,0.166
26.81,PIX,12,0,0.162,1.65,1,0.846,32,1,0.479
63.23,PIX,10,1,0.389,2.92,2,0.56,46,0,0.514
208.8,PIX,6,0,0.062,3.89,3,0.146,42,0,0.488
289.07,CARD,18,1,0.304,1.87,0,0.409,41,0,0.576
50.51,PIX,14,1,0.198,9.54,1,0.698,36,1,0.258
231.12,PIX,8,1,0.333,1.38,2,0.302,30,0,0.699
13.05,PIX,15,0,0.361,5.03,1,0.38,33,1,0.04
153.72,PIX,6,0,0.29,0.65,1,0.312,58,0,0.386
183.66,CARD,2,1,0.33,1.2,3,0.277,29,0,0.58
64.2,PIX,2,0,0.051,0.13,3,0.845,51,1,0.818
150.17,PIX,14,1,0.502,0.54,2,0.396,18,1,0.529
345.92,CARD,14,0,0.096,4.72,2,0.128,25,1,0.698
459.04,PIX,22,1,0.341,0.08,3,0.5,24,0,0.501
202.92,CARD,22,1,0.339,0.7,0,0.303,18,1,0.295
121.84,CARD,10,1,0.388,3.94,2,0.237,50,1,0.385
57.86,PIX,17,1,0.043,2.02,0,0.898,46,1,0.322
72.94,PIX,21,0,0.198,1.67,4,0.33,18,0,0.062
570.7,CARD,0,1,0.47,5.49,1,0.757,42,0,0.818
158.53,PIX,16,0,0.13,0.58,7,0.802,36,1,0.466
71.94,PIX,2,0,0.856,3.2,1,0.633,39,0,0.414
42.77,PIX,21,1,0.54,5.31,2,0.493,47,0,0.182
104.61,CARD,4,0,0.315,1.45,1,0.497,32,1,0.42
121.04,CARD,3,1,0.274,1.21,1,0.709,35,1,0.368
98.2,PIX,20,0,0.892,0.88,2,0.756,43,1,0.518
64.8,CARD,16,1,0.349,3.91,1,0.788,52,1,0.695
129.38,CARD,13,1,0.172,0.88,2,0.736,35,0,0.198
395.64,PIX,18,0,0.337,0.92,1,0.218,28,0,0.344
469.61,CARD,12,0,0.55,1.7,5,0.958,18,0,0.195
209.61,PIX,20,0,0.338,0.62,2,0.573,39,0,0.611
110.15,PIX,19,1,0.352,0.59,1,0.592,46,1,0.1
328.78,CARD,20,1,0.196,5.68,1,0.779,42,0,0.367
56.78,CARD,18,0,0.797,0.82,2,0.017,33,1,0.359
105.78,CARD,12,1,0.526,0.61,4,0.44,34,1,0.275
134.18,PIX,12,1,0.646,2.11,2,0.163,32,0,0.107
280.19,CARD,6,0,0.401,8.73,2,0.651,31,0,0.232
82.01,PIX,11,0,0.348,2.83,1,0.564,35,0,0.483
208.36,PIX,13,1,0.564,10.44,1,0.576,51,0,0.053
80.76,CARD,20,1,0.695,2.49,1,0.387,34,0,0.565
264.22,PIX,6,1,0.271,1.65,2,0.922,44,0,0.336
156.78,PIX,20,1,0.557,1.53,4,0.827,35,0,0.738
120.37,PIX,22,0,0.452,12.66,1,0.831,36,1,0.421
181.4,PIX,20,0,0.528,5.02,1,0.437,47,0,0.307
316.72,PIX,5,1,0.379,0.57,2,0.717,25,1,0.905
182.23,CARD,12,0,0.526,0.44,0,0.52,42,0,0.555
1146.67,PIX,13,0,0.508,0.31,3,0.309,41,1,0.107
28.3,PIX,7,1,0.661,3.77,1,0.414,39,1,0.081
192.74,PIX,17,1,0.095,0.73,0,0.284,31,0,0.909
87.91,CARD,0,1,0.436,1.38,2,0.235,23,0,0.397
515.4,PIX,11,0,0.435,0.36,1,0.88,35,0,0.46
420.94,CARD,6,1,0.308,0.44,0,0.488,28,0,0.364
60.97,PIX,15,0,0.465,2.96,3,0.823,28,0,0.224
39.4,PIX,15,0,0.574,2.79,2,0.658,35,0,0.498
144.49,PIX,11,1,0.155,3.91,5,0.36,36,0,0.058
23.6,PIX,0,0,0.658,4.83,2,0.674,35,1,0.089
75.18,CARD,4,0,0.4,4.32,1,0.297,41,1,0.774
111.66,CARD,16,0,0.313,3.42,1,0.623,40,0,0.352
270.71,CARD,18,1,0.524,2.17,2,0.205,19,0,0.235
62.17,PIX,19,0,0.214,0.42,4,0.593,44,0,0.557
38.86,PIX,20,1,0.202,9.42,1,0.506,39,1,0.403
135.14,PIX,5,0,0.353,0.58,1,0.463,41,0,0.058
59.16,CARD,0,0,0.214,0.83,1,0.873,35,0,0.513
122.88,CARD,3,1,0.466,4.7,0,0.436,19,1,0.225
120.2,CARD,8,1,0.333,1.89,1,0.368,27,1,0.451
236.29,PIX,3,0,0.33,1.45,1,0.401,32,0,0.162
22.31,PIX,21,1,0.706,4.28,0,0.078,40,1,0.373
428.52,PIX,22,1,0.026,1.0,2,0.772,29,1,0.366
104.72,PIX,21,0,0.086,1.39,0,0.47,38,1,0.145
461.31,PIX,12,1,0.382,9.51,3,0.906,22,1,0.591
134.75,CARD,12,1,0.372,3.22,0,0.872,59,1,0.176
178.12,CARD,22,0,0.492,0.61,6,0.49,31,1,0.697
35.13,PIX,15,1,0.504,1.01,1,0.496,41,1,0.115
211.53,PIX,5,1,0.586,0.51,2,0.861,39,0,0.393
159.84,PIX,8,0,0.132,1.93,2,0.112,51,1,0.319
200.92,CARD,17,1,0.858,0.93,3,0.081,41,1,0.153
30.76,PIX,13,0,0.585,4.32,0,0.07,25,1,0.339
47.41,PIX,4,0,0.49,1.38,2,0.219,36,1,0.084
134.83,CARD,9,1,0.096,6.74,4,0.42,34,0,0.575
60.47,PIX,13,0,0.412,1.49,2,0.747,43,0,0.601
80.95,PIX,12,1,0.062,4.57,3,0.508,33,0,0.661
488.98,PIX,8,0,0.269,1.18,1,0.59,36,0,0.411
26.65,CARD,16,1,0.385,2.55,1,0.302,54,0,0.309
564.24,PIX,6,1,0.582,1.74,0,0.524,32,0,0.572
107.05,PIX,22,0,0.205,1.01,1,0.48,43,0,0.189
51.28,PIX,12,1,0.385,1.4,0,0.734,25,1,0.134
244.54,CARD,15,1,0.232,1.18,1,0.438,33,1,0.27
58.64,PIX,2,1,0.363,0.65,4,0.278,18,0,0.231
88.31,CARD,22,1,0.696,1.11,0,0.551,31,1,0.138
206.01,CARD,6,1,0.451,2.2,1,0.202,39,0,0.647
49.53,CARD,22,0,0.338,0.29,4,0.246,31,1,0.254
45.9,CARD,13,1,0.595,1.58,1,0.31,48,1,0.076
160.9,CARD,19,0,0.689,0.55,1,0.629,31,1,0.093
104.33,CARD,14,1,0.196,0.76,3,0.411,32,1,0.579
331.06,PIX,9,1,0.51,3.86,1,0.763,18,1,0.428
416.39,CARD,18,1,0.62,0.1,3,0.841,38,0,0.896
118.98,PIX,22,1,0.212,0.09,1,0.494,41,1,0.142
40.78,CARD,6,0,0.332,0.04,2,0.244,45,0,0.57
28.39,CARD,10,0,0.379,3.69,3,0.559,59,1,0.237
122.52,CARD,10,1,0.255,11.28,2,0.201,32,0,0.444
64.27,CARD,0,0,0.541,15.53,2,0.713,32,1,0.195
170.59,PIX,17,1,0.67,2.12,1,0.23,22,0,0.444
355.76,PIX,23,0,0.63,0.03,0,0.203,40,0,0.641
23.2,CARD,10,1,0.869,3.52,1,0.714,45,0,0.195
108.42,PIX,6,1,0.285,0.07,3,0.296,32,0,0.827
165.23,CARD,23,0,0.559,3.53,0,0.799,20,1,0.363
59.82,CARD,9,1,0.194,1.94,4,0.126,47,0,0.452
136.77,PIX,23,0,0.453,0.64,1,0.561,38,1,0.119
169.68,PIX,19,0,0.362,1.99,4,0.548,28,1,0.484
61.69,PIX,4,0,0.259,1.03,2,0.452,30,1,0.566
394.86,PIX,13,0,0.529,0.31,1,0.718,35,1,0.146
74.11,PIX,5,0,0.639,16.51,3,0.13,44,0,0.583
526.51,CARD,5,0,0.831,1.6,1,0.319,38,1,0.609
68.98,PIX,2,1,0.696,3.61,1,0.233,47,1,0.346
114.61,PIX,17,0,0.202,1.24,0,0.856,40,1,0.721
104.79,PIX,9,1,0.761,1.03,3,0.48,41,0,0.732
150.86,CARD,17,0,0.717,6.27,1,0.345,36,1,0.429
55.58,PIX,0,1,0.303,1.32,2,0.217,53,1,0.365
83.68,CARD,10,0,0.606,0.19,2,0.336,55,1,0.39
375.17,PIX,8,1,0.567,2.48,2,0.487,44,1,0.585
59.23,CARD,0,1,0.234,0.57,1,0.252,49,0,0.288
172.45,PIX,17,0,0.185,0.18,2,0.78,27,0,0.113
58.34,PIX,6,1,0.366,0.03,1,0.412,26,0,0.185
35.25,PIX,23,0,0.127,0.91,0,0.958,46,0,0.175
57.89,PIX,6,0,0.292,1.59,1,0.71,18,0,0.26
105.18,CARD,18,0,0.644,0.6,0,0.708,28,1,0.541
201.97,CARD,4,0,0.591,5.42,1,0.583,41,1,0.101
122.73,CARD,6,1,0.294,5.47,2,0.383,32,1,0.549
71.46,CARD,7,0,0.186,2.27,3,0.658,36,0,0.056
80.11,CARD,3,1,0.43,3.02,3,0.301,28,1,0.33
64.82,CARD,14,0,0.187,3.8,2,0.377,38,1,0.744
72.49,CARD,0,1,0.569,7.36,3,0.289,49,1,0.276
265.56,PIX,22,1,0.425,1.25,3,0.655,42,0,0.447
116.02,CARD,19,1,0.655,6.27,3,0.342,45,0,0.507
237.99,CARD,19,0,0.585,1.4,0,0.879,28,1,0.49
122.7,PIX,9,0,0.359,0.06,2,0.43,36,0,0.381
86.59,PIX,4,1,0.226,0.51,5,0.308,38,1,0.805
528.18,PIX,14,0,0.432,0.78,1,0.971,18,0,0.04
564.12,PIX,19,1,0.588,1.4,0,0.952,19,0,0.338
99.12,CARD,22,1,0.184,1.62,0,0.628,25,0,0.211
102.37,CARD,6,0,0.447,0.43,1,0.454,47,0,0.18
41.13,CARD,20,1,0.235,0.39,1,0.725,53,1,0.199
508.91,PIX,8,1,0.045,3.93,1,0.408,35,0,0.414
300.87,PIX,20,1,0.177,1.81,2,0.787,56,1,0.342
92.24,CARD,4,1,0.488,4.72,2,0.611,55,0,0.34
815.72,PIX,19,1,0.232,7.03,0,0.872,30,0,0.409
82.95,PIX,9,1,0.392,0.49,2,0.302,30,0,0.211
324.28,PIX,0,0,0.196,13.65,2,0.222,34,1,0.601
76.25,PIX,0,0,0.285,1.04,1,0.838,43,0,0.027
46.75,PIX,5,0,0.044,2.55,2,0.094,35,0,0.468
165.63,PIX,14,1,0.361,0.24,1,0.345,27,1,0.139
171.58,PIX,3,0,0.511,0.15,2,0.773,33,1,0.413
267.44,PIX,17,0,0.458,0.12,1,0.295,43,1,0.338
58.1,PIX,14,1,0.547,0.41,0,0.462,44,1,0.423
354.08,PIX,20,1,0.827,4.66,1,0.212,24,0,0.25
117.78,CARD,3,1,0.412,4.0,3,0.315,47,1,0.504
1070.65,CARD,5,1,0.416,2.45,3,0.821,33,0,0.179
92.49,CARD,12,0,0.736,6.0,2,0.656,35,1,0.011
103.79,CARD,8,0,0.553,2.48,0,0.407,47,0,0.087
160.34,CARD,4,0,0.193,3.53,1,0.786,40,1,0.093
223.3,PIX,8,1,0.375,2.68,2,0.559,38,0,0.6
185.57,CARD,11,0,0.092,1.79,1,0.444,32,1,0.457
178.23,PIX,17,0,0.137,1.99,2,0.764,43,0,0.399
135.21,PIX,15,0,0.875,4.6,1,0.639,22,0,0.58
50.03,PIX,20,0,0.577,2.53,1,0.184,32,1,0.141
105.73,CARD,2,0,0.487,0.17,1,0.635,39,0,0.237
278.21,PIX,19,0,0.344,2.22,2,0.741,25,1,0.535
121.82,PIX,7,1,0.345,0.72,0,0.523,29,0,0.39
197.43,PIX,14,1,0.08,4.26,0,0.312,38,0,0.12
93.0,CARD,8,1,0.526,2.52,3,0.359,48,1,0.197
324.55,PIX,21,0,0.211,4.25,3,0.42,29,1,0.228
119.35,CARD,8,0,0.307,0.05,3,0.601,45,1,0.198
33.09,PIX,21,1,0.481,3.39,0,0.376,25,1,0.308
94.63,PIX,18,0,0.673,0.82,0,0.695,46,0,0.681
16.92,PIX,12,1,0.527,3.14,0,0.483,45,1,0.583
142.58,PIX,12,1,0.51,5.46,0,0.273,41,0,0.381
63.07,CARD,1,0,0.491,1.19,3,0.383,38,0,0.065
88.77,CARD,14,1,0.764,3.55,1,0.255,48,1,0.52
229.96,PIX,13,1,0.315,0.91,1,0.472,27,1,0.721
55.62,PIX,7,0,0.593,1.26,2,0.865,39,1,0.249
97.65,PIX,17,1,0.529,9.56,0,0.68,49,1,0.373
162.66,CARD,19,0,0.248,1.08,3,0.341,40,1,0.041
164.78,PIX,3,0,0.276,2.27,3,0.754,29,0,0.008
104.56,CARD,5,0,0.137,7.31,0,0.212,31,1,0.468
206.85,PIX,18,0,0.575,4.98,0,0.745,36,1,0.387
157.38,PIX,0,1,0.159,2.83,2,0.674,41,0,0.298
82.79,CARD,23,0,0.277,1.36,1,0.282,27,1,0.278
670.55,PIX,11,0,0.623,4.05,2,0.136,31,1,0.456
137.55,CARD,4,1,0.549,2.32,1,0.501,50,1,0.139
34.11,CARD,4,0,0.351,0.6,0,0.327,54,1,0.167
115.11,CARD,6,1,0.508,4.74,0,0.593,35,1,0.303
334.89,CARD,7,1,0.31,1.18,0,0.471,27,1,0.662
299.33,PIX,21,1,0.64,7.33,1,0.702,34,1,0.064
43.55,CARD,12,1,0.528,6.29,2,0.422,36,1,0.366
144.11,PIX,6,0,0.338,2.92,2,0.175,33,0,0.843
272.7,PIX,19,1,0.535,3.5,2,0.655,37,1,0.475
95.81,CARD,5,1,0.372,4.42,2,0.201,46,0,0.9
153.87,PIX,19,1,0.378,0.27,1,0.679,34,0,0.398
32.79,CARD,19,1,0.063,3.0,1,0.453,40,1,0.036
332.23,CARD,7,0,0.416,10.38,3,0.641,42,0,0.718
131.01,PIX,21,0,0.367,0.38,2,0.766,36,0,0.767
59.0,PIX,3,0,0.148,0.97,0,0.926,37,0,0.267
85.42,CARD,22,0,0.461,5.22,3,0.638,28,0,0.081
98.35,CARD,20,0,0.231,1.66,1,0.291,40,1,0.735
44.51,CARD,16,1,0.35,2.22,1,0.184,49,0,0.231
613.01,CARD,4,1,0.797,2.46,1,0.499,26,0,0.925
110.46,CARD,15,1,0.286,1.9,1,0.446,43,1,0.146
203.78,PIX,4,0,0.112,0.91,3,0.226,29,1,0.065
99.48,CARD,8,0,0.306,5.18,1,0.442,28,0,0.349
49.65,CARD,18,1,0.272,12.55,3,0.745,33,1,0.387
244.73,PIX,15,1,0.655,1.85,0,0.775,21,1,0.544
361.47,PIX,3,0,0.317,11.45,1,0.702,23,1,0.134
285.43,CARD,13,0,0.188,0.39,0,0.428,32,1,0.656
163.53,CARD,14,1,0.567,0.61,1,0.293,32,0,0.834
85.99,CARD,17,1,0.43,4.24,4,0.193,39,1,0.806
81.59,CARD,16,1,0.58,2.14,0,0.412,28,0,0.401
313.83,CARD,8,1,0.213,0.2,2,0.623,38,0,0.156
412.24,CARD,7,0,0.527,2.75,3,0.711,47,0,0.08
30.02,CARD,6,1,0.442,1.96,0,0.492,56,1,0.136
236.65,PIX,5,1,0.344,5.57,1,0.293,37,0,0.024
178.55,CARD,23,0,0.497,0.92,2,0.372,62,0,0.373
52.07,PIX,12,1,0.467,7.16,3,0.403,49,0,0.182
622.17,PIX,9,0,0.274,2.02,1,0.668,31,0,0.383
66.42,PIX,22,1,0.364,1.6,2,0.96,38,1,0.217
207.23,PIX,5,1,0.243,2.4,1,0.329,32,0,0.38
252.48,PIX,3,1,0.777,2.54,0,0.545,53,0,0.199
462.4,PIX,22,0,0.533,0.98,1,0.787,31,0,0.235
180.13,PIX,0,0,0.212,0.09,0,0.721,34,1,0.028
110.81,PIX,15,0,0.428,0.18,3,0.894,48,0,0.404
88.49,CARD,21,1,0.741,1.14,0,0.644,40,1,0.846
129.56,CARD,10,0,0.642,8.63,2,0.161,30,1,0.283
85.16,CARD,14,1,0.482,1.3,1,0.724,42,0,0.231
182.51,PIX,21,0,0.261,6.41,1,0.405,30,1,0.766
111.43,CARD,3,1,0.882,0.17,4,0.065,43,1,0.415
52.21,CARD,13,1,0.521,3.01,0,0.659,36,0,0.648
254.68,CARD,1,0,0.383,2.12,1,0.422,28,0,0.094
113.84,CARD,19,1,0.555,11.05,3,0.658,42,1,0.48
101.95,CARD,9,1,0.452,5.42,3,0.413,33,0,0.41
83.06,CARD,8,1,0.465,0.57,1,0.542,25,0,0.204
73.11,CARD,4,1,0.258,3.51,2,0.36,40,1,0.122
160.91,PIX,17,1,0.487,2.38,1,0.307,31,0,0.121
53.08,PIX,16,0,0.667,2.45,1,0.28,30,1,0.184
51.1,PIX,18,1,0.461,4.35,1,0.253,34,1,0.648
97.84,CARD,23,0,0.368,4.67,2,0.261,23,0,0.534
156.82,CARD,13,1,0.546,0.49,1,0.489,35,0,0.496
55.87,PIX,3,1,0.086,2.15,2,0.384,42,1,0.782
23.03,PIX,20,0,0.244,7.32,1,0.522,25,1,0.415
139.36,PIX,22,0,0.303,0.83,1,0.492,51,0,0.584
60.54,CARD,7,0,0.172,10.68,0,0.823,32,1,0.499
37.15,CARD,12,0,0.094,5.97,1,0.281,40,1,0.613
60.41,CARD,3,0,0.266,3.64,4,0.115,47,1,0.428
472.14,PIX,0,1,0.198,2.81,3,0.762,27,0,0.114
228.55,CARD,12,0,0.795,0.11,3,0.755,49,0,0.161
311.21,PIX,6,0,0.247,0.16,1,0.821,38,0,0.448
137.6,CARD,6,0,0.126,2.05,0,0.087,41,0,0.258
362.58,CARD,13,0,0.429,13.08,1,0.298,37,0,0.29
30.29,PIX,4,0,0.476,13.62,4,0.263,33,1,0.459
717.78,PIX,21,0,0.699,8.48,2,0.81,34,1,0.171
520.72,PIX,18,1,0.602,3.5,3,0.145,44,0,0.289
83.95,CARD,18,0,0.053,3.92,2,0.741,18,1,0.28
127.53,PIX,21,1,0.627,11.04,0,0.549,18,0,0.229
212.22,CARD,5,1,0.426,2.41,3,0.923,38,0,0.19
477.03,CARD,10,0,0.549,1.13,2,0.183,39,0,0.577
24.89,PIX,0,1,0.172,1.64,1,0.358,46,0,0.414
174.0,CARD,5,0,0.638,7.39,0,0.335,33,1,0.371
22.88,CARD,0,1,0.642,0.37,2,0.573,55,1,0.391
375.04,CARD,3,1,0.397,5.11,1,0.321,31,1,0.139
354.22,PIX,1,1,0.257,9.54,0,0.586,39,0,0.695
235.09,PIX,22,0,0.523,0.54,2,0.158,31,1,0.548
37.77,PIX,7,0,0.852,1.98,5,0.59,39,0,0.283
386.81,PIX,5,1,0.448,0.6,1,0.351,34,1,0.549
85.86,CARD,7,0,0.471,6.1,0,0.522,30,1,0.188
101.53,CARD,19,0,0.538,8.17,1,0.218,41,1,0.801
37.87,PIX,14,0,0.655,6.95,3,0.339,26,1,0.177
176.69,CARD,9,1,0.083,3.98,0,0.768,41,1,0.041
88.08,PIX,4,0,0.171,2.22,1,0.446,35,0,0.691
61.83,PIX,12,1,0.715,9.57,1,0.426,28,0,0.446
63.54,CARD,7,1,0.609,0.94,0,0.469,28,1,0.227
65.53,PIX,15,0,0.072,4.1,2,0.807,31,0,0.066
116.88,CARD,14,1,0.05,5.4,1,0.981,57,1,0.237
176.92,CARD,17,1,0.323,1.5,0,0.246,45,0,0.455
218.09,PIX,16,0,0.479,2.67,3,0.812,44,1,0.211
376.74,CARD,9,1,0.347,0.03,0,0.312,33,0,0.405
44.29,PIX,15,1,0.082,3.3,0,0.729,48,0,0.106
166.16,PIX,5,1,0.59,3.8,1,0.434,29,1,0.111
137.53,PIX,14,1,0.524,1.85,2,0.561,42,0,0.843
162.57,CARD,8,1,0.377,4.24,0,0.816,39,1,0.198
126.36,PIX,15,0,0.437,3.97,1,0.179,18,1,0.038
464.7,CARD,12,1,0.322,2.0,2,0.346,27,0,0.379
216.58,PIX,2,1,0.325,1.97,2,0.386,33,1,0.3
110.06,PIX,6,1,0.575,2.72,2,0.431,27,0,0.473
45.74,PIX,16,0,0.494,2.88,2,0.574,38,1,0.48
61.99,CARD,8,0,0.604,0.21,2,0.085,21,1,0.512
297.94,CARD,13,0,0.722,0.68,1,0.651,18,1,0.542
142.21,PIX,11,0,0.295,4.93,1,0.528,43,1,0.293
32.81,CARD,15,1,0.592,0.7,1,0.183,40,1,0.447
242.65,PIX,4,0,0.208,1.02,4,0.724,55,0,0.421
252.75,PIX,16,0,0.227,0.21,1,0.39,30,1,0.017
60.73,CARD,18,0,0.297,2.65,3,0.17,23,1,0.325
57.9,CARD,4,0,0.685,0.49,0,0.569,50,0,0.38
200.12,PIX,13,1,0.42,12.03,3,0.608,20,0,0.374
58.46,CARD,2,0,0.306,3.81,2,0.596,47,0,0.699
85.19,CARD,1,1,0.455,0.6,2,0.523,46,0,0.191
301.45,CARD,20,1,0.125,3.61,1,0.59,36,1,0.704
139.67,PIX,2,1,0.645,0.13,1,0.729,24,1,0.078
41.83,PIX,18,0,0.821,1.04,2,0.358,46,0,0.282
204.87,CARD,14,1,0.076,0.43,1,0.281,26,0,0.446
487.68,CARD,3,0,0.556,5.46,3,0.478,36,1,0.091
57.81,CARD,0,1,0.402,2.99,3,0.331,28,0,0.48
63.22,PIX,22,0,0.252,0.44,2,0.71,30,1,0.805
31.97,PIX,23,0,0.337,0.09,1,0.051,41,0,0.22
306.71,PIX,7,1,0.411,1.84,0,0.656,41,0,0.438
93.34,PIX,21,0,0.569,2.44,0,0.641,41,1,0.88
57.32,CARD,2,0,0.223,0.97,3,0.203,35,1,0.342
109.74,PIX,19,1,0.543,3.29,0,0.495,36,1,0.219
66.55,CARD,2,0,0.349,2.28,1,0.614,33,1,0.76
110.31,PIX,14,1,0.138,2.03,0,0.728,23,0,0.266
161.84,CARD,11,0,0.685,6.61,1,0.278,46,0,0.152
35.22,PIX,7,0,0.393,2.41,4,0.284,27,0,0.42
421.82,PIX,1,0,0.385,5.03,1,0.22,28,0,0.397
133.2,PIX,1,1,0.596,4.4,2,0.29,57,0,0.493
191.09,CARD,5,0,0.824,2.41,2,0.75,58,1,0.27
58.82,CARD,0,1,0.139,18.02,1,0.286,19,1,0.104
244.48,PIX,20,1,0.436,1.45,1,0.598,35,0,0.86
255.82,PIX,18,1,0.128,0.36,0,0.213,44,1,0.261
200.3,CARD,3,0,0.238,2.14,1,0.384,36,0,0.332
52.02,CARD,5,0,0.255,3.75,0,0.607,25,0,0.814
83.45,CARD,9,0,0.653,1.66,3,0.784,36,0,0.046
63.23,PIX,4,1,0.353,1.55,1,0.098,32,0,0.577
38.16,CARD,0,0,0.343,0.72,0,0.449,18,1,0.351
168.19,PIX,12,0,0.609,2.0,0,0.541,32,1,0.302
130.09,PIX,16,0,0.426,0.02,4,0.274,39,0,0.634
178.44,PIX,21,1,0.382,7.51,2,0.557,48,1,0.738
43.86,PIX,21,1,0.305,0.14,3,0.556,47,1,0.453
74.98,PIX,3,1,0.584,3.48,1,0.744,34,1,0.292
119.37,PIX,10,1,0.234,8.21,1,0.521,33,1,0.76
85.74,PIX,0,1,0.298,5.55,2,0.479,51,1,0.498
31.57,PIX,17,0,0.494,0.22,4,0.563,47,1,0.265
85.38,CARD,5,1,0.095,0.2,1,0.325,24,0,0.433
110.53,CARD,11,1,0.503,8.94,2,0.633,18,1,0.747
778.61,PIX,15,1,0.605,2.56,1,0.172,37,1,0.501
87.42,PIX,0,1,0.474,4.35,1,0.777,35,1,0.222
10.54,PIX,0,0,0.56,0.72,3,0.66,36,1,0.373
481.25,PIX,7,1,0.222,1.65,0,0.243,37,1,0.186
142.5,CARD,8,1,0.776,9.12,2,0.378,50,1,0.491
194.15,PIX,16,0,0.421,0.4,2,0.36,43,1,0.544
57.95,PIX,16,0,0.476,2.1,1,0.582,35,0,0.298
181.58,PIX,7,1,0.746,0.06,3,0.241,30,0,0.589
65.48,PIX,10,1,0.572,0.19,1,0.26,27,1,0.41
414.67,PIX,21,0,0.338,10.72,2,0.842,47,1,0.128
134.32,PIX,21,1,0.152,1.4,1,0.286,36,0,0.021
825.2,PIX,10,0,0.283,2.86,1,0.539,37,1,0.223
112.06,CARD,12,0,0.42,2.82,0,0.27,30,0,0.547
379.68,PIX,11,0,0.048,2.84,0,0.339,28,1,0.32
443.19,PIX,1,0,0.038,8.86,0,0.272,32,1,0.36
112.32,CARD,1,0,0.844,2.63,2,0.412,44,1,0.283
161.82,CARD,8,0,0.676,9.25,1,0.422,39,1,0.026
124.96,PIX,1,0,0.14,0.53,0,0.5,26,1,0.128
69.34,CARD,1,0,0.283,0.22,1,0.143,23,0,0.164
127.95,PIX,4,0,0.512,3.37,2,0.736,42,0,0.08
65.95,PIX,20,1,0.255,4.32,2,0.607,18,0,0.486
150.19,PIX,16,1,0.774,1.11,2,0.764,27,1,0.859
277.63,PIX,13,0,0.302,10.16,3,0.235,29,0,0.513
49.56,PIX,22,0,0.238,0.09,3,0.662,29,0,0.329
114.48,PIX,7,0,0.522,7.1,3,0.329,30,1,0.335
26.5,CARD,16,0,0.318,3.19,3,0.405,18,0,0.734
111.5,PIX,7,1,0.573,1.61,1,0.282,43,1,0.248
48.42,CARD,6,1,0.214,1.26,1,0.791,41,0,0.596
136.52,CARD,1,0,0.143,0.58,2,0.285,52,1,0.4
63.84,PIX,13,0,0.472,3.26,0,0.578,38,1,0.58
484.11,PIX,3,0,0.192,0.38,1,0.621,47,0,0.679
26.22,CARD,20,0,0.549,0.38,1,0.564,43,0,0.733
109.13,CARD,18,0,0.334,0.31,3,0.482,30,1,0.409
220.95,PIX,10,1,0.174,0.59,0,0.274,34,0,0.024
240.84,CARD,21,1,0.091,3.5,0,0.567,47,1,0.047
92.13,PIX,3,0,0.773,7.38,3,0.831,48,1,0.285
373.95,CARD,15,1,0.154,7.25,2,0.087,48,1,0.419
174.11,PIX,13,1,0.631,0.31,1,0.182,41,1,0.084
117.8,PIX,15,0,0.748,5.37,1,0.395,49,1,0.503
344.02,CARD,11,0,0.232,1.77,1,0.543,27,0,0.485
239.7,PIX,1,1,0.684,0.31,2,0.702,45,0,0.575
87.99,CARD,3,0,0.369,1.21,1,0.612,18,1,0.224
124.91,CARD,8,1,0.407,2.33,1,0.391,36,0,0.679
259.41,PIX,1,0,0.599,1.06,3,0.356,31,0,0.142
313.15,CARD,4,0,0.553,5.51,3,0.763,49,0,0.214
220.72,CARD,18,0,0.482,9.42,1,0.395,39,1,0.674
184.32,CARD,5,1,0.341,2.48,1,0.499,42,1,0.182
197.57,PIX,9,1,0.327,6.11,3,0.073,47,1,0.478
246.84,CARD,9,1,0.457,0.56,0,0.598,36,0,0.377
1509.79,CARD,11,1,0.478,12.5,0,0.738,40,1,0.447
47.9,PIX,5,0,0.415,1.03,3,0.27,43,0,0.532
106.51,PIX,5,0,0.283,0.35,2,0.66,48,1,0.524
116.04,CARD,17,0,0.664,5.01,3,0.298,20,1,0.177
133.06,CARD,19,0,0.422,15.38,0,0.697,37,0,0.613
58.98,CARD,0,0,0.242,1.47,0,0.432,48,0,0.179
116.69,PIX,3,1,0.921,8.48,0,0.187,46,0,0.4
592.05,PIX,2,0,0.343,2.41,0,0.812,20,0,0.745
181.54,PIX,22,1,0.294,0.32,2,0.636,33,0,0.3
35.03,CARD,8,1,0.842,1.17,3,0.356,20,1,0.442
118.88,PIX,8,0,0.396,2.05,1,0.672,26,1,0.054
200.03,PIX,8,1,0.387,2.68,0,0.368,30,0,0.292
91.5,CARD,8,0,0.297,11.91,3,0.244,53,1,0.468
178.53,PIX,12,1,0.355,0.43,2,0.923,40,0,0.106
131.21,PIX,19,0,0.129,0.66,1,0.373,40,1,0.484
91.35,PIX,4,1,0.264,8.52,3,0.283,32,1,0.168
164.06,PIX,16,0,0.722,3.7,0,0.5,23,1,0.31
270.14,PIX,17,0,0.559,4.19,0,0.409,42,1,0.273
245.98,CARD,14,0,0.274,3.35,3,0.17,43,0,0.194
247.05,CARD,0,0,0.501,5.25,2,0.662,19,1,0.295
64.56,PIX,12,1,0.17,3.83,1,0.451,18,1,0.706
199.97,PIX,3,0,0.697,1.24,1,0.129,42,0,0.686
60.6,CARD,8,0,0.406,2.4,1,0.902,31,0,0.348
184.85,CARD,4,0,0.297,10.88,1,0.551,31,1,0.7
80.06,PIX,12,1,0.204,2.68,1,0.803,35,1,0.462
69.74,PIX,21,0,0.306,3.24,1,0.705,44,0,0.532
272.96,PIX,10,0,0.735,8.73,0,0.884,34,1,0.234
47.22,PIX,11,1,0.64,5.12,2,0.204,56,0,0.523
1171.13,CARD,13,1,0.259,3.58,1,0.75,35,1,0.748
138.76,CARD,6,1,0.642,0.54,2,0.43,38,1,0.24
417.24,CARD,22,1,0.16,1.01,0,0.76,33,1,0.247
386.6,CARD,12,0,0.565,9.99,1,0.18,48,1,0.317
455.08,PIX,7,0,0.321,2.84,1,0.566,36,0,0.07
69.79,CARD,8,0,0.249,2.99,1,0.279,19,0,0.66
63.7,PIX,21,0,0.262,0.09,2,0.517,41,0,0.265
202.65,PIX,5,1,0.759,3.23,2,0.905,48,1,0.644
127.5,CARD,15,0,0.362,0.66,0,0.307,40,0,0.028
173.87,PIX,13,0,0.263,3.32,3,0.262,29,1,0.182
289.12,PIX,22,0,0.341,5.96,6,0.258,27,1,0.738
265.7,PIX,8,0,0.793,9.94,1,0.815,48,0,0.262
118.25,CARD,23,1,0.059,2.89,2,0.285,30,0,0.721
65.71,CARD,9,0,0.22,13.79,1,0.692,52,1,0.69
224.9,CARD,14,0,0.184,0.49,2,0.899,48,0,0.648
402.97,PIX,6,1,0.363,1.27,6,0.248,29,0,0.632
388.19,PIX,21,0,0.632,3.77,0,0.333,40,1,0.513
68.99,CARD,11,0,0.142,4.85,2,0.345,41,1,0.786
541.91,CARD,18,1,0.382,5.39,2,0.758,45,0,0.695
58.35,PIX,13,1,0.182,0.16,1,0.713,31,0,0.467
